#pdb-id,I_deeprank_prediction,I_p_crystal,I_p_biological,Training
1a7g_1,1,0.255,0.745,1
1ail_1,1,0.318,0.682,1
1b78_1,1,0.34,0.66,1
1bws_1,0,0.999,0.001,1
1cp2_1,1,0.006,0.994,1
1d1t_4,1,0.067,0.933,1
1f1j_5,0,0.884,0.116,1
1fp5_1,1,0.181,0.819,1
1fzv_1,0,0.719,0.281,1
1h1y_1,1,0.002,0.998,1
1iqc_1,1,0.03,0.97,1
1iug_1,1,0.0,1.0,1
1jzo_1,1,0.03,0.97,1
1ks2_1,1,0.025,0.975,1
1my6_1,1,0.015,0.985,1
1r5q_2,1,0.001,0.999,1
1r7j_1,1,0.296,0.704,1
1sfl_1,1,0.003,0.997,1
1t0i_1,1,0.003,0.997,1
1tfg_1,1,0.008,0.992,1
1udv_1,1,0.003,0.997,1
1ujn_1,1,0.013,0.987,1
1uou_1,1,0.029,0.971,1
1usm_1,1,0.047,0.953,1
1vpl_1,0,0.978,0.022,1
1vqu_1,1,0.001,0.999,1
1xre_1,1,0.087,0.913,1
1xub_1,0,0.992,0.008,1
1xuq_1,1,0.006,0.994,1
1y67_1,1,0.078,0.922,1
1z72_1,1,0.0,1.0,1
1zjj_1,1,0.002,0.998,1
2aca_1,1,0.049,0.951,1
2axi_3,0,0.926,0.074,1
2bdq_1,1,0.026,0.974,1
2c2x_1,1,0.129,0.871,1
2cw2_1,1,0.402,0.598,1
2dou_1,1,0.003,0.997,1
2dpf_1,1,0.031,0.969,1
2dsj_1,1,0.01,0.99,1
2ebb_1,1,0.012,0.988,1
2fhq_1,1,0.0,1.0,1
2gpc_1,1,0.045,0.955,1
2h9u_1,1,0.004,0.996,1
2i5p_1,1,0.034,0.966,1
2ikk_1,1,0.019,0.981,1
2npn_3,0,0.998,0.002,1
2oik_2,1,0.004,0.996,1
2omk_1,0,0.698,0.302,1
2ppv_1,1,0.007,0.993,1
2qgh_1,1,0.118,0.882,1
2rcv_2,1,0.194,0.806,1
2v54_1,1,0.004,0.996,1
2v9c_1,1,0.002,0.998,1
2vpk_1,1,0.094,0.906,1
2w7w_1,1,0.37,0.63,1
2ws2_1,1,0.001,0.999,1
2x6g_7,1,0.003,0.997,1
2xj3_1,1,0.017,0.983,1
2xwc_1,0,0.923,0.077,1
2zoz_2,0,1.0,0.0,1
3bjr_1,1,0.359,0.641,1
3cei_1,1,0.065,0.935,1
3cjw_1,1,0.21,0.79,1
3clk_1,1,0.146,0.854,1
3cwc_1,1,0.156,0.844,1
3dqp_1,1,0.039,0.961,1
3dvi_1,1,0.428,0.572,1
3e7p_1,1,0.019,0.981,1
3eoq_1,1,0.373,0.627,1
3ewb_1,1,0.112,0.888,1
3fbu_1,1,0.13,0.87,1
3g13_1,1,0.307,0.693,1
3g7p_1,1,0.449,0.551,1
3gw2_1,1,0.0,1.0,1
3h1s_1,1,0.15,0.85,1
3htv_1,1,0.007,0.993,1
3i83_1,1,0.017,0.983,1
3i8b_2,1,0.014,0.986,1
3igr_2,1,0.008,0.992,1
3jv9_1,1,0.151,0.849,1
3k1m_1,0,0.987,0.013,1
3l7o_1,1,0.365,0.635,1
3l9z_1,1,0.0,1.0,1
3lwb_1,1,0.131,0.869,1
3lyn_1,0,0.62,0.38,1
3m5b_1,1,0.015,0.985,1
3nj2_1,1,0.067,0.933,1
3nrd_1,1,0.007,0.993,1
3o0m_1,1,0.044,0.956,1
3oa4_1,1,0.014,0.986,1
3qm2_1,1,0.06,0.94,1
3r8c_1,0,0.607,0.393,1
3r8e_1,1,0.002,0.998,1
3rao_1,0,0.875,0.125,1
3sno_1,1,0.002,0.998,1
3svk_1,0,0.965,0.035,1
3toe_1,1,0.001,0.999,1
3tqj_1,1,0.402,0.598,1
3tr2_1,1,0.083,0.917,1
3trc_1,1,0.005,0.995,1
3u7i_2,1,0.07,0.93,1
3u80_1,1,0.04,0.96,1
4c98_1,0,0.696,0.304,1
4dvh_1,1,0.309,0.691,1
4e69_2,0,0.998,0.002,1
4f2n_2,1,0.151,0.849,1
4gmk_1,1,0.072,0.928,1
4hf7_1,0,0.834,0.166,1
4lw8_1,1,0.001,0.999,1
4ppy_1,0,0.51,0.49,1
4yet_1,0,0.549,0.451,1
1ibd_1,1,0.156,0.844,0
1bww_1,0,0.778,0.222,0
4jz2_1,1,0.014,0.986,0
4re8_3,1,0.387,0.613,0
1nfs_1,1,0.089,0.911,0
1to4_1,1,0.011,0.989,0
2pl1_1,1,0.329,0.671,0
3pyi_1,1,0.079,0.921,0
4mdh_1,1,0.033,0.967,0
3oco_1,1,0.059,0.941,0
2w0l_2,1,0.126,0.874,0
2ywa_1,1,0.022,0.978,0
3f8h_1,1,0.013,0.987,0
3teq_3,1,0.129,0.871,0
3teq_1,1,0.072,0.928,0
1qq7_1,0,0.809,0.191,0
3gff_1,1,0.036,0.964,0
2v3t_1,0,0.999,0.001,0
1wn2_1,1,0.0,1.0,0
5eo6_1,1,0.02,0.98,0
3hyq_2,0,0.936,0.064,0
1z9p_1,1,0.122,0.878,0
3bwv_1,1,0.0,1.0,0
2tpt_1,1,0.107,0.893,0
3uro_2,1,0.096,0.904,0
3wpw_1,1,0.002,0.998,0
3n77_3,0,0.69,0.31,0
1v2z_1,0,0.769,0.231,0
4o1r_2,0,0.993,0.007,0
1i74_1,1,0.148,0.852,0
1q7s_3,1,0.0,1.0,0
4rfp_1,1,0.313,0.687,0
4xas_1,1,0.187,0.813,0
3rtl_6,1,0.138,0.862,0
1psq_1,1,0.021,0.979,0
2r8q_1,0,0.915,0.085,0
2hjd_1,0,0.823,0.177,0
2cx4_1,0,0.743,0.257,0
2d13_2,0,0.999,0.001,0
3wud_1,1,0.014,0.986,0
1ixq_2,1,0.002,0.998,0
1slb_2,1,0.044,0.956,0
2r7h_1,1,0.315,0.685,0
3kg7_2,1,0.398,0.602,0
3ljs_1,0,0.571,0.429,0
4o1w_1,1,0.35,0.65,0
4a7p_1,1,0.0,1.0,0
2qlx_2,1,0.003,0.997,0
3rbg_2,0,0.791,0.209,0
2nvn_1,0,0.821,0.179,0
1y7y_1,1,0.078,0.922,0
2cc3_1,0,0.55,0.45,0
3c8j_1,1,0.45,0.55,0
3c5q_1,1,0.054,0.946,0
2zvz_1,1,0.019,0.981,0
1s9c_6,1,0.144,0.856,0
3woi_1,1,0.089,0.911,0
2ew2_1,1,0.005,0.995,0
2oai_1,1,0.17,0.83,0
3eul_6,1,0.045,0.955,0
1np6_1,1,0.001,0.999,0
3hx8_2,1,0.0,1.0,0
2e46_1,1,0.329,0.671,0
3l18_1,1,0.022,0.978,0
2jfp_1,0,0.803,0.197,0
4o9k_1,1,0.204,0.796,0
2yxz_2,1,0.0,1.0,0
3hh7_1,1,0.008,0.992,0
1m08_1,1,0.327,0.673,0
2iy2_1,1,0.029,0.971,0
1zsz_1,1,0.171,0.829,0
1oya_1,1,0.025,0.975,0
1wwp_1,1,0.007,0.993,0
1xi3_1,1,0.007,0.993,0
3tzu_1,0,0.875,0.125,0
1fvp_1,0,0.991,0.009,0
4wov_3,0,0.961,0.039,0
2ogi_1,1,0.029,0.971,0
2wfc_1,1,0.022,0.978,0
4kv9_1,1,0.33,0.67,0
3lhr_1,1,0.168,0.832,0
5cjj_1,0,0.992,0.008,0
1j8b_1,1,0.027,0.973,0
3crj_1,1,0.0,1.0,0
1tvd_1,1,0.125,0.875,0
3pc7_1,1,0.328,0.672,0
4g2e_1,0,0.764,0.236,0
4exo_1,1,0.058,0.942,0
3kcn_1,0,0.795,0.205,0
4guz_5,1,0.002,0.998,0
2qrr_1,1,0.012,0.988,0
3mq4_1,1,0.412,0.588,0
3w64_1,1,0.003,0.997,0
3c9g_1,1,0.094,0.906,0
1eeq_1,1,0.301,0.699,0
4xws_2,1,0.027,0.973,0
2hk3_1,1,0.012,0.988,0
3hj6_1,1,0.08,0.92,0
2p5u_1,1,0.0,1.0,0
1uat_2,1,0.013,0.987,0
4d9o_1,0,0.96,0.04,0
3eus_1,0,0.821,0.179,0
2a4a_3,0,0.905,0.095,0
1ns5_1,1,0.126,0.874,0
1rcw_2,1,0.003,0.997,0
4q7e_1,1,0.428,0.572,0
4j9a_11,1,0.014,0.986,0
4ljk_2,1,0.244,0.756,0
4jdl_2,1,0.431,0.569,0
2eav_1,0,0.996,0.004,0
2vrn_1,1,0.009,0.991,0
1ktn_1,0,0.775,0.225,0
2q4n_1,1,0.0,1.0,0
1v2a_1,1,0.003,0.997,0
4lza_1,1,0.001,0.999,0
3cwn_2,0,0.51,0.49,0
3knz_3,1,0.014,0.986,0
3m45_2,1,0.25,0.75,0
1nvt_1,1,0.013,0.987,0
1kez_1,1,0.047,0.953,0
3rjs_1,1,0.002,0.998,0
4yxf_1,1,0.002,0.998,0
2h8k_1,1,0.055,0.945,0
5c6m_2,0,0.625,0.375,0
2hng_1,1,0.002,0.998,0
3ift_2,0,0.872,0.128,0
1qvw_1,0,0.998,0.002,0
1yem_1,1,0.097,0.903,0
3g0k_1,1,0.055,0.945,0
3dex_1,1,0.156,0.844,0
1qmj_1,1,0.126,0.874,0
1dp4_1,1,0.389,0.611,0
1dp4_2,1,0.41,0.59,0
1u20_1,0,0.832,0.168,0
4dj2_1,0,0.813,0.187,0
4mhr_2,0,0.825,0.175,0
2oqt_5,1,0.307,0.693,0
3l6b_1,1,0.025,0.975,0
4oie_1,1,0.12,0.88,0
3hjp_1,1,0.016,0.984,0
3lpm_1,1,0.071,0.929,0
1nzi_1,1,0.015,0.985,0
2ze3_1,1,0.0,1.0,0
2f96_1,1,0.011,0.989,0
2o9a_1,1,0.074,0.926,0
4u04_1,1,0.027,0.973,0
2ovg_3,1,0.348,0.652,0
3l0z_5,1,0.322,0.678,0
3ppe_1,1,0.294,0.706,0
3uf5_1,0,0.67,0.33,0
3d7a_1,1,0.013,0.987,0
3r03_1,1,0.217,0.783,0
4oky_1,1,0.297,0.703,0
2e1d_1,1,0.023,0.977,0
3pm7_1,1,0.023,0.977,0
2oo2_1,1,0.011,0.989,0
2idl_1,1,0.004,0.996,0
4hwx_1,1,0.014,0.986,0
4o7v_1,1,0.292,0.708,0
4ese_1,1,0.187,0.813,0
2q30_4,1,0.0,1.0,0
2pwj_2,1,0.005,0.995,0
5eq9_1,1,0.005,0.995,0
1fe0_1,1,0.001,0.999,0
4pob_1,1,0.048,0.952,0
3hzu_1,0,0.659,0.341,0
3lrq_1,1,0.182,0.818,0
3lrq_2,1,0.302,0.698,0
2nx9_1,1,0.388,0.612,0
1a3a_1,0,0.825,0.175,0
3hqx_1,0,0.824,0.176,0
3l5z_1,1,0.069,0.931,0
4ttw_1,1,0.5,0.5,0
3dvf_1,0,0.742,0.258,0
2qsq_1,1,0.13,0.87,0
3obh_1,1,0.049,0.951,0
2yvu_1,1,0.031,0.969,0
3o9s_1,0,0.991,0.009,0
1fse_3,1,0.275,0.725,0
2f6s_1,0,0.87,0.13,0
3ajz_1,0,0.992,0.008,0
4q97_1,1,0.029,0.971,0
2dwu_1,1,0.036,0.964,0
3zrd_1,0,0.611,0.389,0
4zrn_1,1,0.0,1.0,0
3q64_1,1,0.001,0.999,0
4rz0_1,0,0.665,0.335,0
1is3_1,1,0.016,0.984,0
2snw_1,0,0.948,0.052,0
2ewt_1,1,0.036,0.964,0
3v6n_1,0,0.996,0.004,0
3rt2_2,1,0.054,0.946,0
1hux_1,1,0.0,1.0,0
2itf_5,1,0.25,0.75,0
1qya_1,0,0.657,0.343,0
3kza_1,0,0.999,0.001,0
2e2c_1,0,0.928,0.072,0
3chi_1,1,0.183,0.817,0
4zwv_1,1,0.0,1.0,0
4muo_1,1,0.013,0.987,0
1kut_1,1,0.041,0.959,0
3pc6_1,0,0.963,0.037,0
2gsl_3,1,0.011,0.989,0
2pls_5,1,0.214,0.786,0
2bho_1,0,0.719,0.281,0
2rc3_2,1,0.011,0.989,0
2z7c_2,1,0.032,0.968,0
4ckl_2,0,0.593,0.407,0
1vh0_8,1,0.034,0.966,0
4fbi_1,1,0.099,0.901,0
1ukg_1,0,1.0,0.0,0
4dj3_1,1,0.416,0.584,0
3bs3_1,1,0.086,0.914,0
1dvr_1,0,0.604,0.396,0
3do5_1,1,0.0,1.0,0
2a8f_1,0,0.995,0.005,0
3cnk_1,1,0.123,0.877,0
3d8u_1,1,0.012,0.988,0
3r0n_1,0,0.903,0.097,0
3pl2_2,1,0.376,0.624,0
1mft_1,1,0.111,0.889,0
3da8_1,1,0.065,0.935,0
4dkc_1,0,0.826,0.174,0
1xty_2,1,0.0,1.0,0
1gam_1,1,0.017,0.983,0
3fb3_1,1,0.051,0.949,0
2z00_2,1,0.226,0.774,0
3c6b_1,1,0.155,0.845,0
4fdb_1,1,0.001,0.999,0
4fr2_1,1,0.009,0.991,0
3ppl_1,0,0.995,0.005,0
4tmb_2,1,0.002,0.998,0
1ha4_1,1,0.142,0.858,0
2bm5_1,1,0.052,0.948,0
4x0r_1,0,0.859,0.141,0
3igd_1,0,0.99,0.01,0
3h2d_1,1,0.001,0.999,0
2r3v_6,1,0.0,1.0,0
2q24_2,1,0.002,0.998,0
3f9s_1,1,0.0,1.0,0
4j2p_1,0,0.992,0.008,0
2f00_1,1,0.175,0.825,0
2dc4_1,1,0.185,0.815,0
3bl8_1,1,0.16,0.84,0
3hhv_1,0,0.91,0.09,0
2imz_1,1,0.471,0.529,0
3oet_2,1,0.33,0.67,0
3dh1_1,1,0.0,1.0,0
1jhe_1,1,0.306,0.694,0
3lza_1,1,0.043,0.957,0
3zpg_1,1,0.005,0.995,0
1cdt_1,1,0.0,1.0,0
1zzh_2,1,0.21,0.79,0
1erv_1,1,0.043,0.957,0
4kgb_1,1,0.117,0.883,0
2gff_1,1,0.097,0.903,0
3ter_1,1,0.454,0.546,0
3ksh_1,0,0.911,0.089,0
1mqd_4,0,0.995,0.005,0
1ysj_1,1,0.01,0.99,0
3dih_2,1,0.309,0.691,0
1xvq_2,1,0.249,0.751,0
3orr_1,1,0.237,0.763,0
2q5c_3,1,0.044,0.956,0
1o6d_2,1,0.018,0.982,0
2zu1_3,1,0.158,0.842,0
4e04_1,1,0.181,0.819,0
2gwh_1,1,0.027,0.973,0
4qxw_1,0,0.639,0.361,0
3n3m_1,1,0.003,0.997,0
3vx3_1,0,0.547,0.453,0
1yad_2,1,0.016,0.984,0
1prx_1,1,0.031,0.969,0
3lp9_1,0,0.994,0.006,0
1ewj_2,1,0.0,1.0,0
4ina_1,1,0.001,0.999,0
3ctz_1,1,0.009,0.991,0
3jth_1,1,0.009,0.991,0
2hku_1,1,0.016,0.984,0
3rpc_2,0,0.914,0.086,0
2pij_1,1,0.055,0.945,0
2yy9_1,1,0.003,0.997,0
2wui_1,1,0.006,0.994,0
3vnf_2,0,0.917,0.083,0
3dm8_1,1,0.0,1.0,0
3nfc_1,1,0.002,0.998,0
1ov4_1,0,0.545,0.455,0
2j98_1,1,0.043,0.957,0
2c9s_1,1,0.007,0.993,0
3lfi_1,0,0.998,0.002,0
3lxy_1,0,0.985,0.015,0
3lag_1,1,0.0,1.0,0
3smd_2,1,0.031,0.969,0
4omv_1,1,0.095,0.905,0
4ckm_2,1,0.072,0.928,0
3dka_1,1,0.0,1.0,0
4chl_1,1,0.077,0.923,0
3ltv_1,1,0.011,0.989,0
3f4k_1,1,0.047,0.953,0
3qyj_3,1,0.047,0.953,0
2cw3_1,1,0.088,0.912,0
2ovi_2,1,0.001,0.999,0
1obb_1,1,0.108,0.892,0
4eht_1,1,0.0,1.0,0
1ac6_1,1,0.2,0.8,0
2zzt_1,1,0.001,0.999,0
4qf2_1,0,0.849,0.151,0
3rob_1,1,0.0,1.0,0
4a56_1,0,0.992,0.008,0
1xwb_5,1,0.248,0.752,0
1rpa_1,1,0.002,0.998,0
1qto_1,1,0.002,0.998,0
2nwv_1,1,0.012,0.988,0
2ctx_1,0,0.777,0.223,0
4xvv_1,0,0.663,0.337,0
1kie_1,1,0.106,0.894,0
1yae_9,0,0.967,0.033,0
2zhg_1,1,0.177,0.823,0
1qkd_1,1,0.182,0.818,0
3dui_1,1,0.281,0.719,0
3by8_2,1,0.043,0.957,0
4eru_1,1,0.04,0.96,0
2jlp_3,1,0.001,0.999,0
3e8s_1,1,0.022,0.978,0
4e86_14,1,0.007,0.993,0
3aw8_1,1,0.074,0.926,0
4kcx_1,1,0.211,0.789,0
3fdg_1,0,0.701,0.299,0
1vez_2,1,0.222,0.778,0
4aj7_1,1,0.023,0.977,0
4l7e_1,1,0.001,0.999,0
4qbo_1,1,0.094,0.906,0
4bkm_1,1,0.0,1.0,0
4exq_2,1,0.092,0.908,0
1aoh_1,0,1.0,0.0,0
2zw2_1,1,0.254,0.746,0
3cyv_1,0,0.961,0.039,0
3sdp_1,1,0.275,0.725,0
3msq_6,1,0.017,0.983,0
1xsv_1,0,0.604,0.396,0
3hru_1,1,0.096,0.904,0
1tmk_1,1,0.003,0.997,0
1e85_1,0,0.765,0.235,0
2qc7_2,1,0.033,0.967,0
3nur_2,1,0.001,0.999,0
2imn_1,1,0.107,0.893,0
3k86_1,1,0.0,1.0,0
3dyd_1,1,0.003,0.997,0
2z6f_1,0,0.607,0.393,0
4lir_1,1,0.083,0.917,0
2eo0_1,0,0.629,0.371,0
3pr8_1,0,0.652,0.348,0
4flb_1,1,0.442,0.558,0
4whj_1,1,0.229,0.771,0
1f1c_1,1,0.358,0.642,0
1u4m_1,1,0.0,1.0,0
4dyw_3,1,0.004,0.996,0
4lmf_6,1,0.107,0.893,0
5cro_1,1,0.082,0.918,0
1okj_1,1,0.016,0.984,0
3bxh_1,1,0.131,0.869,0
3qq6_1,1,0.218,0.782,0
2pju_1,0,0.591,0.409,0
4ic3_1,1,0.04,0.96,0
5dqw_1,1,0.001,0.999,0
3hna_3,1,0.407,0.593,0
3ooo_1,0,0.882,0.118,0
3efb_1,1,0.078,0.922,0
3k6k_2,1,0.124,0.876,0
4je1_1,0,0.584,0.416,0
1zbr_1,0,0.974,0.026,0
1b0w_1,1,0.324,0.676,0
3ego_1,1,0.01,0.99,0
4pbe_1,0,0.995,0.005,0
3hf7_2,0,0.772,0.228,0
1ii2_1,1,0.275,0.725,0
2hzb_1,1,0.013,0.987,0
1zp7_1,1,0.021,0.979,0
2gz6_1,0,0.985,0.015,0
1gyo_1,0,0.986,0.014,0
3esf_1,1,0.434,0.566,0
4emb_2,1,0.14,0.86,0
1o64_1,1,0.311,0.689,0
3l9e_2,1,0.038,0.962,0
2ob5_1,0,0.686,0.314,0
3lf7_2,0,0.992,0.008,0
4fn9_1,0,0.891,0.109,0
3kkc_1,1,0.001,0.999,0
2j80_1,0,0.846,0.154,0
4trt_1,0,0.519,0.481,0
2i45_4,1,0.055,0.945,0
2ycj_1,1,0.0,1.0,0
4qin_1,1,0.276,0.724,0
1zlj_1,1,0.183,0.817,0
3u5v_1,1,0.01,0.99,0
3nzr_2,1,0.04,0.96,0
3lhk_2,1,0.014,0.986,0
1iiw_1,0,1.0,0.0,0
1qxh_1,1,0.078,0.922,0
1rkr_5,1,0.326,0.674,0
4i5q_1,1,0.015,0.985,0
1bgf_1,0,0.703,0.297,0
2ov8_1,0,0.859,0.141,0
3rri_2,1,0.02,0.98,0
2xt2_1,1,0.016,0.984,0
3kg6_2,0,0.513,0.487,0
2fco_1,1,0.027,0.973,0
4g8t_2,0,0.792,0.208,0
2b7l_1,1,0.144,0.856,0
3pu7_1,1,0.022,0.978,0
5hsx_3,0,0.508,0.492,0
3ghy_3,1,0.053,0.947,0
1ovn_1,1,0.303,0.697,0
3hmk_1,1,0.014,0.986,0
4lft_1,1,0.493,0.507,0
3g17_2,1,0.053,0.947,0
1e7n_1,1,0.023,0.977,0
2fn1_1,1,0.005,0.995,0
2z0f_1,1,0.098,0.902,0
1f1g_2,1,0.003,0.997,0
1bhm_1,1,0.361,0.639,0
3rks_2,1,0.003,0.997,0
3hdv_3,1,0.038,0.962,0
1jr9_1,1,0.033,0.967,0
3leq_2,1,0.314,0.686,0
4cgr_1,1,0.117,0.883,0
3bde_2,1,0.028,0.972,0
4pr3_1,1,0.057,0.943,0
4pzk_1,1,0.001,0.999,0
2j8w_1,1,0.279,0.721,0
1v98_2,0,0.659,0.341,0
2ecf_1,1,0.026,0.974,0
3zc9_1,0,0.997,0.003,0
1s9p_1,0,0.758,0.242,0
1fux_1,1,0.011,0.989,0
1tz3_1,1,0.029,0.971,0
3p3d_2,0,0.925,0.075,0
2bhm_2,0,0.924,0.076,0
3k5x_2,1,0.236,0.764,0
1q1n_1,0,0.636,0.364,0
4xea_1,1,0.085,0.915,0
1my7_1,1,0.127,0.873,0
3c1q_1,0,0.667,0.333,0
2cd0_1,0,0.634,0.366,0
4rmm_1,1,0.001,0.999,0
2xhf_1,1,0.025,0.975,0
2f5e_1,1,0.22,0.78,0
4mei_1,1,0.246,0.754,0
1hlc_1,0,0.641,0.359,0
4pz9_1,1,0.014,0.986,0
1ivl_1,1,0.124,0.876,0
3gor_1,1,0.0,1.0,0
1cd0_1,0,0.711,0.289,0
2goj_1,1,0.258,0.742,0
1jrk_1,1,0.158,0.842,0
1hjr_1,1,0.052,0.948,0
1qhq_3,1,0.274,0.726,0
2ph1_1,1,0.238,0.762,0
2pmr_1,1,0.007,0.993,0
2dql_1,1,0.086,0.914,0
3f14_1,0,0.503,0.497,0
2qaz_2,1,0.133,0.867,0
5a0j_1,0,0.994,0.006,0
6gsu_1,1,0.334,0.666,0
2b5a_1,1,0.178,0.822,0
1uer_2,1,0.071,0.929,0
2qxy_1,1,0.009,0.991,0
3tqu_2,1,0.034,0.966,0
2zv3_3,1,0.001,0.999,0
3ded_1,1,0.005,0.995,0
2ozv_1,1,0.018,0.982,0
1gan_1,1,0.166,0.834,0
1mp9_1,1,0.03,0.97,0
1to0_3,1,0.007,0.993,0
1gmz_1,0,0.669,0.331,0
1xef_2,1,0.016,0.984,0
4wny_1,1,0.0,1.0,0
4kyx_1,1,0.0,1.0,0
2fca_1,1,0.048,0.952,0
3hv2_1,1,0.016,0.984,0
3jr8_2,0,0.673,0.327,0
3t9y_1,1,0.086,0.914,0
3k5s_1,1,0.319,0.681,0
3lhx_1,1,0.114,0.886,0
3kb1_1,1,0.072,0.928,0
4ohc_2,1,0.001,0.999,0
1zxk_1,0,0.697,0.303,0
2nwu_1,1,0.017,0.983,0
3kay_1,1,0.16,0.84,0
3uqz_1,1,0.106,0.894,0
3q1d_1,1,0.335,0.665,0
4nzv_1,0,0.847,0.153,0
2fj2_2,1,0.005,0.995,0
1u3z_1,0,0.56,0.44,0
4ds3_1,1,0.138,0.862,0
4o1h_1,0,0.684,0.316,0
4le0_1,1,0.122,0.878,0
1xso_1,1,0.006,0.994,0
1ye5_1,1,0.024,0.976,0
1qg7_1,1,0.012,0.988,0
3hjg_1,1,0.425,0.575,0
4d6y_1,1,0.032,0.968,0
2pfi_1,0,0.846,0.154,0
1ohq_1,0,0.617,0.383,0
3atp_1,1,0.026,0.974,0
4ofd_1,1,0.239,0.761,0
2j8z_1,1,0.003,0.997,0
2qld_1,1,0.111,0.889,0
3rny_3,0,0.507,0.493,0
2ymz_2,1,0.114,0.886,0
1cd8_1,1,0.006,0.994,0
4rzk_1,0,0.656,0.344,0
4ph6_1,1,0.006,0.994,0
1sfr_4,0,0.607,0.393,0
4oja_1,1,0.076,0.924,0
1uvz_3,0,0.592,0.408,0
4kvr_2,1,0.161,0.839,0
3egj_2,1,0.333,0.667,0
4v07_1,1,0.002,0.998,0
3ehc_1,1,0.021,0.979,0
4fzp_1,1,0.019,0.981,0
2nyb_2,1,0.185,0.815,0
1zy2_1,1,0.035,0.965,0
3ros_1,0,0.576,0.424,0
1v4v_1,1,0.056,0.944,0
3ec9_1,1,0.001,0.999,0
3m5u_1,1,0.017,0.983,0
1jbg_1,1,0.096,0.904,0
1o12_1,1,0.086,0.914,0
3ssi_1,1,0.03,0.97,0
1jm0_2,1,0.447,0.553,0
1vr0_1,1,0.002,0.998,0
1sxs_1,1,0.044,0.956,0
3dl3_1,1,0.264,0.736,0
2j8m_1,1,0.009,0.991,0
2j85_1,1,0.19,0.81,0
3keb_1,1,0.19,0.81,0
3mnd_1,1,0.018,0.982,0
1mi8_1,0,0.937,0.063,0
4wt0_1,1,0.121,0.879,0
2isy_1,1,0.011,0.989,0
5b1y_1,1,0.031,0.969,0
3khp_2,1,0.007,0.993,0
1lyn_1,0,0.825,0.175,0
1afw_1,1,0.042,0.958,0
4ye0_1,0,0.939,0.061,0
2zxy_1,1,0.249,0.751,0
3d7q_2,0,0.654,0.346,0
4tkz_2,1,0.009,0.991,0
2i9z_1,1,0.022,0.978,0
3p0c_3,0,0.993,0.007,0
2x2a_1,1,0.218,0.782,0
3lqn_1,1,0.152,0.848,0
3aqt_1,1,0.0,1.0,0
3tbo_1,1,0.278,0.722,0
4exn_1,0,0.899,0.101,0
1h0x_1,1,0.002,0.998,0
3mux_1,1,0.087,0.913,0
3lv9_1,0,0.649,0.351,0
3r6m_1,1,0.203,0.797,0
1zh2_1,1,0.079,0.921,0
4qf3_3,0,0.733,0.267,0
3jv5_2,1,0.058,0.942,0
3ccg_1,1,0.019,0.981,0
1jog_2,1,0.02,0.98,0
3oxp_1,1,0.09,0.91,0
3hde_2,1,0.23,0.77,0
4k30_3,1,0.039,0.961,0
4i1t_1,1,0.266,0.734,0
3p9x_1,0,0.922,0.078,0
2q8r_2,1,0.0,1.0,0
3ce1_1,1,0.012,0.988,0
3hz4_1,0,0.943,0.057,0
3juw_2,0,0.542,0.458,0
4o1i_2,0,0.795,0.205,0
4e4j_2,1,0.244,0.756,0
1eqw_2,1,0.151,0.849,0
1y7h_2,1,0.001,0.999,0
2x4i_1,0,0.644,0.356,0
3hm7_2,0,0.74,0.26,0
3tn4_1,0,0.904,0.096,0
3umc_2,1,0.002,0.998,0
2oz6_1,1,0.03,0.97,0
4ld8_1,1,0.04,0.96,0
2ph0_1,1,0.0,1.0,0
1bjj_9,0,0.998,0.002,0
3lyp_1,1,0.065,0.935,0
3lcr_1,1,0.04,0.96,0
2we8_2,1,0.0,1.0,0
3pf9_1,0,0.985,0.015,0
2xeu_1,1,0.015,0.985,0
3lo3_3,1,0.059,0.941,0
1ix9_1,0,0.79,0.21,0
3b7h_1,1,0.167,0.833,0
3auf_1,1,0.137,0.863,0
2a67_2,1,0.026,0.974,0
4dup_1,1,0.001,0.999,0
4l4z_1,1,0.0,1.0,0
2aps_1,1,0.269,0.731,0
1hy3_1,1,0.167,0.833,0
1j1i_1,1,0.004,0.996,0
2pzz_1,1,0.335,0.665,0
3l1w_2,1,0.043,0.957,0
3clv_1,1,0.177,0.823,0
3erj_1,1,0.0,1.0,0
4du5_2,1,0.341,0.659,0
3duv_1,1,0.012,0.988,0
4wvr_2,1,0.029,0.971,0
4eo9_1,1,0.139,0.861,0
3hy8_1,1,0.0,1.0,0
5c2x_1,0,0.618,0.382,0
1ybz_2,1,0.116,0.884,0
3p0u_1,0,0.597,0.403,0
1rfy_1,0,0.975,0.025,0
3fbt_2,1,0.27,0.73,0
2nys_1,1,0.013,0.987,0
3kbf_1,1,0.003,0.997,0
1e59_1,0,0.525,0.475,0
1aiz_1,1,0.175,0.825,0
4e5y_1,1,0.025,0.975,0
3w66_1,1,0.059,0.941,0
4f82_1,1,0.009,0.991,0
3dqz_2,1,0.001,0.999,0
1srr_1,1,0.032,0.968,0
4low_1,1,0.401,0.599,0
1hq8_1,0,0.936,0.064,0
3lyc_3,1,0.0,1.0,0
3bjv_1,1,0.119,0.881,0
3eeg_1,1,0.017,0.983,0
3ees_1,1,0.015,0.985,0
3zig_1,1,0.034,0.966,0
1xkz_2,0,1.0,0.0,0
3o63_1,1,0.449,0.551,0
1rz6_2,0,0.573,0.427,0
3kht_2,1,0.103,0.897,0
3lmb_1,1,0.0,1.0,0
3kg8_1,0,0.615,0.385,0
3qat_3,0,0.981,0.019,0
1q98_1,1,0.093,0.907,0
3hq2_1,1,0.035,0.965,0
4mmm_5,1,0.008,0.992,0
2fuc_1,1,0.085,0.915,0
2h2w_1,0,0.533,0.467,0
3glv_1,0,0.992,0.008,0
3nib_1,0,0.952,0.048,0
4q9a_1,0,0.693,0.307,0
5iu9_1,0,0.917,0.083,0
5i10_2,1,0.003,0.997,0
5j6o_1,1,0.084,0.916,0
5dym_1,1,0.481,0.519,0
5ayp_1,1,0.002,0.998,0
5ie7_1,0,0.993,0.007,0
5hpj_1,1,0.03,0.97,0
5feg_1,0,0.821,0.179,0
5an1_5,1,0.233,0.767,0
5hkl_1,1,0.068,0.932,0
5f05_1,1,0.192,0.808,0
5hu7_1,1,0.021,0.979,0
5hxo_1,1,0.001,0.999,0
5ig8_1,1,0.301,0.699,0
5c04_1,1,0.022,0.978,0
5eb9_1,1,0.005,0.995,0
5hm4_1,0,0.994,0.006,0
5i4c_1,1,0.038,0.962,0
5ep8_1,1,0.003,0.997,0
5hiz_1,1,0.196,0.804,0
5fub_1,1,0.49,0.51,0
5il5_1,1,0.085,0.915,0
5edx_1,1,0.045,0.955,0
5exv_1,1,0.001,0.999,0
5hqw_1,1,0.03,0.97,0
5h5n_1,1,0.156,0.844,0
5ckm_1,1,0.11,0.89,0
5eyo_2,0,0.508,0.492,0
5dra_1,1,0.055,0.945,0
5ks7_1,1,0.032,0.968,0
5k2i_1,1,0.146,0.854,0
5llj_1,1,0.233,0.767,0
5trb_1,1,0.087,0.913,0
5j9c_1,1,0.022,0.978,0
5lc1_5,1,0.004,0.996,0
5kol_2,1,0.003,0.997,0
5jsq_1,1,0.005,0.995,0
5vcp_1,1,0.147,0.853,0
5u0k_4,1,0.186,0.814,0
5vm1_5,1,0.022,0.978,0
4zng_1,0,0.681,0.319,0
5wyg_1,1,0.004,0.996,0
5lvz_1,1,0.059,0.941,0
4yiw_1,1,0.016,0.984,0
5u0i_1,1,0.123,0.877,0
5m7q_3,0,0.562,0.438,0
5v01_1,1,0.016,0.984,0
5l6q_1,1,0.089,0.911,0
5ujf_2,1,0.134,0.866,0
6gc9_1,0,0.701,0.299,0
5x9i_1,0,0.763,0.237,0
5sy4_1,1,0.014,0.986,0
6azh_1,1,0.0,1.0,0
5xwe_1,0,0.683,0.317,0
6ar4_1,0,0.576,0.424,0
5xwz_2,0,0.592,0.408,0
5ncr_1,1,0.062,0.938,0
5t93_1,1,0.135,0.865,0
5cho_3,1,0.0,1.0,0
6auj_1,1,0.003,0.997,0
6cgb_1,1,0.372,0.628,0
5ume_2,1,0.322,0.678,0
5y4t_1,0,1.0,0.0,0
5wqi_2,1,0.007,0.993,0
5n7l_1,1,0.184,0.816,0
5z0y_1,1,0.196,0.804,0
5vkt_2,1,0.05,0.95,0
5vxa_3,1,0.009,0.991,0
5zw3_1,1,0.001,0.999,0
5tc2_1,1,0.355,0.645,0
5tus_3,1,0.012,0.988,0
5vdf_4,1,0.005,0.995,0
5vm4_4,1,0.014,0.986,0
5vsc_1,1,0.376,0.624,0
5yrg_1,0,0.924,0.076,0
5h23_1,0,0.533,0.467,0
1ex2_1,0,0.982,0.018,0
4lev_3,0,0.999,0.001,0
3l1e_1,1,0.392,0.608,0
4ga4_1,1,0.411,0.589,0
1rtv_1,0,0.979,0.021,0
4zms_1,1,0.028,0.972,0
1jil_1,0,0.828,0.172,0
4fqu_5,0,0.961,0.039,0
1q4j_1,0,0.998,0.002,0
1azw_1,0,0.508,0.492,0
4i24_3,1,0.38,0.62,0
2gs2_1,0,0.954,0.046,0
4qhj_1,0,0.925,0.075,0
1c3g_1,0,0.994,0.006,0
3ez9_2,0,0.981,0.019,0
1xkv_1,0,0.67,0.33,0
4qhi_1,0,0.91,0.09,0
2g0h_1,0,0.755,0.245,0
3lf6_1,1,0.225,0.775,0
3bif_1,0,0.999,0.001,0
1fp3_2,1,0.332,0.668,0
4axv_2,0,0.974,0.026,0
3f3y_2,0,0.993,0.007,0
2pcj_1,1,0.382,0.618,0
2zkj_2,1,0.221,0.779,0
3g48_2,0,0.907,0.093,0
4o67_1,0,1.0,0.0,0
1xlu_1,1,0.419,0.581,0
3dcj_1,0,0.76,0.24,0
2dwy_6,1,0.048,0.952,0
3ljb_2,0,0.798,0.202,0
1yvl_4,0,0.735,0.265,0
3nzp_2,0,0.967,0.033,0
2egu_3,1,0.457,0.543,0
1np8_1,0,0.764,0.236,0
1wtc_1,1,0.429,0.571,0
4xar_1,0,0.562,0.438,0
1som_1,0,1.0,0.0,0
2o1v_1,0,0.615,0.385,0
3hha_4,0,0.983,0.017,0
1zc6_1,0,0.998,0.002,0
1fpq_1,1,0.0,1.0,0
5ckl_1,1,0.072,0.928,0
1ijy_1,0,0.709,0.291,0
3fh0_1,0,1.0,0.0,0
4s3m_1,0,0.999,0.001,0
4zqb_1,0,0.665,0.335,0
5cow_2,0,0.986,0.014,0
2bpd_1,0,0.926,0.074,0
4iys_1,1,0.242,0.758,0
4mqb_1,0,0.853,0.147,0
4g7n_1,0,0.982,0.018,0
2ekz_1,0,0.998,0.002,0
1iyz_1,0,0.992,0.008,0
1dd7_1,0,0.975,0.025,0
1xur_1,0,0.884,0.116,0
4q96_2,1,0.028,0.972,0
4p52_2,0,0.998,0.002,0
3ucr_1,0,0.996,0.004,0
2ar8_1,0,0.98,0.02,0
2ha7_1,0,0.995,0.005,0
3hn2_1,0,1.0,0.0,0
1ujk_3,0,0.632,0.368,0
4y5u_1,1,0.349,0.651,0
1bp6_1,0,0.721,0.279,0
3ijl_2,0,0.998,0.002,0
1s9p_5,0,0.758,0.242,0
4dsc_1,0,0.758,0.242,0
3qxu_2,0,0.938,0.062,0
3rog_2,0,0.876,0.124,0
4ldz_1,1,0.078,0.922,0
4ckn_2,0,0.959,0.041,0
1se8_1,1,0.467,0.533,0
1kvo_2,1,0.125,0.875,0
5p21_1,0,0.719,0.281,0
3fcx_1,0,0.736,0.264,0
4h2i_1,1,0.367,0.633,0
1esr_1,0,0.932,0.068,0
3mxo_2,0,0.999,0.001,0
3e6d_1,1,0.006,0.994,0
4rnj_1,0,0.997,0.003,0
4i15_1,0,0.971,0.029,0
8jdw_1,0,1.0,0.0,0
1poe_1,0,0.996,0.004,0
3g45_1,0,0.868,0.132,0
4jp4_1,0,0.996,0.004,0
1qrd_1,0,0.958,0.042,0
1bjt_1,0,0.593,0.407,0
3h7l_3,0,0.997,0.003,0
1qvt_19,0,0.999,0.001,0
3gz1_1,1,0.004,0.996,0
4lrw_1,0,0.921,0.079,0
3kux_3,0,0.545,0.455,0
4ray_1,1,0.043,0.957,0
4yyy_1,0,0.579,0.421,0
4l85_1,1,0.163,0.837,0
1jye_1,0,0.893,0.107,0
2qms_1,0,0.845,0.155,0
2fv7_1,0,1.0,0.0,0
2dvn_1,0,0.998,0.002,0
4xbd_3,0,0.558,0.442,0
1txn_1,1,0.026,0.974,0
2rgv_1,1,0.464,0.536,0
4tt4_1,0,0.786,0.214,0
2bej_1,0,0.945,0.055,0
1lvb_5,0,0.784,0.216,0
2bde_2,0,0.725,0.275,0
1yv9_1,0,0.66,0.34,0
2g3k_8,0,0.634,0.366,0
1vok_6,0,0.999,0.001,0
1ecx_1,0,0.987,0.013,0
3d6r_3,1,0.499,0.501,0
5b7z_1,0,0.998,0.002,0
5j7n_3,0,0.993,0.007,0
5hs8_1,1,0.003,0.997,0
5gt9_1,0,0.611,0.389,0
5ckn_1,0,0.942,0.058,0
5dyw_1,0,0.998,0.002,0
5h0i_1,0,0.995,0.005,0
5uzx_1,0,0.999,0.001,0
4zmy_1,0,0.953,0.047,0
5z70_2,1,0.173,0.827,0
5wdi_2,0,0.949,0.051,0
5t9f_1,0,1.0,0.0,0
5svg_1,1,0.015,0.985,0
5f5r_2,0,0.6999,0.3001,0
2x2u_3,0,0.9507,0.0493,0
4w8p_5,0,0.9040,0.0960,0
6fnz_4,0,0.8428,0.1572,0
1k6i_3,0,0.7517,0.2483,0
6j09_4,0,0.8840,0.1160,0
2vnc_8,1,0.2692,0.7308,0
3cxo_5,1,0.4355,0.5645,0
2ajq_9,0,0.9629,0.0371,0
6a1z_5,0,0.8182,0.1818,0
6gtu_5,1,0.3287,0.6713,0
1qzx_1,0,0.9809,0.0191,0
1fr1_1,0,0.9614,0.0386,0
1j8f_5,0,0.9586,0.0414,0
3tg8_4,0,0.8885,0.1115,0
1sw2_4,0,0.9491,0.0509,0
4hok_1,0,0.9586,0.0414,0
6gfk_3,1,0.0082,0.9918,0
6suq_4,0,0.5925,0.4075,0
6bm9_1,1,0.2108,0.7892,0
4twa_2,0,0.9958,0.0042,0
3cmv_1,0,0.6366,0.3634,0
2brv_1,0,1.,3.8693e-08,0
3blc_3,0,0.9998,0.0002,0
3fjo_2,0,0.6304,0.3696,0
5afb_5,0,0.5344,0.4656,0
1t1e_2,0,0.9721,0.0279,1
6ii0_7,0,0.9385,0.0615,0
4l3q_1,0,0.9038,0.0962,0
4gml_1,0,0.9702,0.0298,0
1mml_2,1,0.3379,0.6621,0
5gyr_7,0,0.9980,0.0020,0
5k4b_1,0,0.8100,0.1900,0
5nfo_5,0,0.9996,0.0004,0
3bxz_1,0,0.7139,0.2861,0
3zrt_1,0,0.9851,0.0149,0
6h97_3,0,0.9965,0.0035,0
4el9_1,0,0.9916,0.0084,0
3tpe_4,0,0.7997,0.2003,0
3t6n_4,0,0.9998,0.0002,0
2zb3_4,0,0.9995,0.0005,0
2j0n_4,1,0.4306,0.5694,1
3lmn_8,0,0.8296,0.1704,0
3pjp_7,0,0.8678,0.1322,0
2zj2_1,0,1.0000,3.2682e-05,0
5vm9_1,0,0.9902,0.0098,0
6ts2_5,0,0.9997,0.0003,0
4ju5_1,1,0.0063,0.9937,0
3cl3_7,0,0.9658,0.0342,0
5ygs_6,1,0.0744,0.9256,0
4tkx_3,0,0.9922,0.0078,0
4hdg_1,0,0.8861,0.1139,0
1s9d_5,0,0.9123,0.0877,0
2rax_22,0,0.5345,0.4655,0
4da4_1,0,0.9802,0.0198,0
3kph_1,1,0.0772,0.9228,0
3bsz_33,0,0.9996,0.0004,0
5gtm_1,0,0.9364,0.0636,0
5yim_2,0,0.9990,0.0010,0
1juh_9,0,0.9993,0.0007,0
3wbi_8,0,0.9682,0.0318,0
5wly_5,0,0.5449,0.4551,0
5kvt_2,0,0.9795,0.0205,0
2n9b_1,0,0.8992,0.1008,0
5igp_2,0,0.7842,0.2158,0
3sw0_1,0,0.5097,0.4903,1
4tgl_1,1,0.0002,0.9998,0
3hie_3,1,0.3450,0.6550,0
1yln_1,0,0.9791,0.0209,0
2yvq_2,1,0.0202,0.9798,0
5d4k_2,0,1.0000,1.4813e-05,0
2vsc_4,0,1.0000,3.0153e-05,0
6g16_10,0,0.6232,0.3768,0
5uvc_5,0,0.9663,0.0337,0
4u40_1,1,0.2817,0.7183,0
3kvb_1,0,0.9298,0.0702,0
4uec_2,1,0.0494,0.9506,0
4u66_5,1,0.0004,0.9996,0
5oj8_3,0,0.9600,0.0400,0
6ii0_11,0,1.0000,1.0581e-05,0
4h6z_1,1,0.1724,0.8276,0
4tse_1,1,0.1760,0.8240,0
1b89_2,1,0.4809,0.5191,0
4aw3_1,0,0.9990,0.0010,0
1qex_1,1,0.1736,0.8264,0
5mio_5,1,0.0645,0.9355,0
5lb8_1,0,0.9887,0.0113,0
2j7l_4,0,0.9933,0.0067,0
4gc9_1,0,0.6199,0.3801,0
5hb0_7,1,0.1426,0.8574,0
3bxx_1,0,0.9943,0.0057,0
3wnk_2,0,0.9993,0.0007,1
2q7d_1,0,0.9995,0.0005,0
5dxo_7,0,0.8709,0.1291,0
5b3z_1,0,0.8957,0.1043,0
5xfl_2,0,0.9241,0.0759,0
1taq_5,0,0.9764,0.0236,0
4jc8_1,0,0.6342,0.3658,0
2qv3_5,1,0.1266,0.8734,0
2ont_3,1,0.1623,0.8377,0
3tsw_4,0,0.9424,0.0576,0
3eth_1,1,0.3231,0.6769,0
4ngf_4,0,0.9686,0.0314,0
4fhl_2,0,0.8705,0.1295,0
3dpt_1,0,0.9739,0.0261,0
3a9i_1,0,0.9926,0.0074,0
5xaw_1,1,0.1063,0.8937,0
4pel_7,0,0.9893,0.0107,0
6pkc_4,0,0.9949,0.0051,0
5dbl_1,0,0.8909,0.1091,0
2xer_3,0,0.9808,0.0192,0
5gpq_3,0,0.9975,0.0025,0
4dq0_1,1,0.1812,0.8188,0
5hns_1,1,0.0398,0.9602,0
5ncs_1,0,0.9939,0.0061,0
3q5m_5,0,0.5792,0.4208,0
3s3p_4,1,0.4871,0.5129,0
3dqv_12,0,0.9402,0.0598,0
5fom_2,1,0.1350,0.8650,0
4o9u_14,0,0.9435,0.0565,0
6bb8_2,1,0.4274,0.5726,0
3enm_11,0,0.6959,0.3041,0
3v00_10,0,0.8915,0.1085,0
5igh_2,0,0.9138,0.0862,0
4z8x_8,1,0.0755,0.9245,0
3icw_3,0,0.9905,0.0095,0
6dkk_6,0,0.9858,0.0142,0
6j09_5,1,0.2178,0.7822,0
5dtm_1,0,0.9931,0.0069,0
3rt0_1,0,0.5170,0.4830,1
4pyz_4,1,0.3373,0.6627,0
6irc_1,0,0.9732,0.0268,0
5yij_13,0,0.9962,0.0038,0
1u07_1,0,0.9933,0.0067,0
5n71_4,0,0.8826,0.1174,0
6pr5_1,0,0.8702,0.1298,0
5bwk_31,1,0.4772,0.5228,0
5owi_1,0,0.9306,0.0694,0
1p35_11,0,0.9988,0.0012,0
1cx8_2,0,0.9971,0.0029,0
3e7k_14,1,0.1078,0.8922,0
3vh1_2,0,0.9959,0.0041,0
6bui_11,1,0.1593,0.8407,0
2xcr_4,0,0.9919,0.0081,0
5f3k_1,1,0.0010,0.9990,0
2tbs_1,1,1.1620e-08,1.,0
4c0p_1,0,0.6680,0.3320,0
2ym0_5,1,0.0428,0.9572,0
2ntx_3,1,0.4080,0.5920,0
2xj9_1,1,0.2275,0.7725,0
3dd9_1,1,5.6308e-06,1.0000,0
5uos_1,0,0.9926,0.0074,0
4ui9_60,0,0.5973,0.4027,0
1kho_1,0,0.9827,0.0173,0
3me4_1,0,0.9936,0.0064,0
4hc1_28,0,0.9394,0.0606,0
1lee_3,1,0.0952,0.9048,0
3pnd_8,1,0.2431,0.7569,0
5yik_15,0,0.7258,0.2742,0
1l7c_5,1,0.3694,0.6306,0
3lya_4,0,0.7658,0.2342,1
4n3v_1,0,0.9961,0.0039,0
5xqj_12,0,0.9037,0.0963,0
4l4w_9,1,0.2438,0.7562,0
3epj_1,0,0.9999,0.0001,0
4iz6_1,0,0.7364,0.2636,0
3ktm_12,0,0.8987,0.1013,0
5fgo_1,1,0.0418,0.9582,0
2pn5_2,0,0.5925,0.4075,0
5gmj_6,0,0.9688,0.0312,0
6aob_1,1,0.0142,0.9858,0
5mat_1,0,0.9989,0.0011,0
1h3i_1,1,0.4501,0.5499,0
2pr8_3,0,0.9314,0.0686,0
6nc7_1,1,0.1528,0.8472,0
2xer_2,0,0.9994,0.0006,0
3cka_1,0,0.9302,0.0698,0
5ajn_3,0,0.9615,0.0385,0
4kxf_17,0,0.9999,8.1830e-05,0
4c0o_1,0,0.9999,0.0001,0
1ici_5,1,0.0209,0.9791,0
2zzn_2,0,0.9930,0.0070,0
4i1m_4,0,0.8449,0.1551,0
1qex_6,1,0.3431,0.6569,0
4g3u_6,1,0.0404,0.9596,0
4gvl_7,0,0.9848,0.0152,0
6a16_5,1,0.3745,0.6255,0
3mcg_7,1,0.1230,0.8770,0
6sct_28,0,0.8802,0.1198,0
1lr1_1,1,0.0197,0.9803,0
3bqa_1,1,0.0699,0.9301,0
5afb_2,0,0.9787,0.0213,0
4n4a_3,0,0.9597,0.0403,0
1rp5_3,0,0.9689,0.0311,0
3cz7_3,0,0.9773,0.0227,0
4ziq_3,1,0.2187,0.7813,0
4aqt_3,0,0.9873,0.0127,0
3e1y_1,1,0.3179,0.6821,0
2hwd_9,0,0.9846,0.0154,0
6dd5_1,0,0.9080,0.0920,0
4cqo_7,0,0.9961,0.0039,0
4g0a_16,0,0.5672,0.4328,0
1ldm_84,1,0.0002,0.9998,0
4mkq_1,0,0.9885,0.0115,0
6n5z_1,0,0.5575,0.4425,0
5bqn_4,0,0.9892,0.0108,0
5fuf_1,1,0.4580,0.5420,0
4qdh_1,0,0.8136,0.1864,0
5knl_11,0,0.9985,0.0015,0
4hj1_6,0,0.8313,0.1687,1
1kcm_6,1,0.1300,0.8700,0
5ikn_9,0,0.9236,0.0764,0
3pim_1,1,8.7351e-05,0.9999,0
2r82_5,0,0.7396,0.2604,0
1ku2_1,1,0.0371,0.9629,0
4dmz_1,1,0.2886,0.7114,0
6fpt_1,0,0.9994,0.0006,0
2io3_12,0,0.9993,0.0007,0
3v0e_5,1,0.4457,0.5543,0
4aqf_9,0,0.9916,0.0084,0
3ei4_23,0,0.9937,0.0063,0
6aeg_3,0,0.5925,0.4075,0
4by9_5,0,0.7291,0.2709,0
1bs2_4,0,0.9174,0.0826,0
3ihr_3,1,0.1305,0.8695,0
3nyo_3,0,0.8036,0.1964,0
5msn_1,0,0.9917,0.0083,0
3q16_12,0,0.9947,0.0053,0
6dkk_1,0,0.9921,0.0079,0
3kga_1,1,0.4465,0.5535,0
3s4r_7,0,0.7225,0.2775,0
1k9a_11,0,0.7909,0.2091,0
4rxj_2,0,0.5359,0.4641,0
6r80_2,1,0.0214,0.9786,0
5crc_1,1,0.0846,0.9154,0
3eb8_3,0,0.6886,0.3114,0
6iny_1,0,0.9923,0.0077,0
3gmh_28,0,0.9490,0.0510,0
6o8b_4,1,0.2371,0.7629,0
5ytb_12,0,0.9990,0.0010,0
3aux_2,0,0.9895,0.0105,0
3cb2_1,1,0.2164,0.7836,0
4xss_5,0,0.9060,0.0940,0
4a62_1,0,0.9337,0.0663,0
5y9h_6,0,0.9726,0.0274,0
4cqo_2,0,0.7971,0.2029,0
6r2s_8,0,0.9987,0.0013,0
5l45_1,0,0.8814,0.1186,0
5mja_1,0,0.9981,0.0019,0
4cmp_11,0,1.0000,3.2216e-05,0
1lkv_6,1,0.0365,0.9635,0
6trt_2,0,1.0000,4.5509e-05,0
5k5t_1,0,0.9909,0.0091,0
2nsa_6,1,0.3931,0.6069,0
3pbb_5,0,0.9969,0.0031,0
3p4y_1,1,0.4746,0.5254,0
5eg8_1,0,0.9674,0.0326,0
1h3i_8,0,0.9996,0.0004,0
1lws_4,0,0.9639,0.0361,0
6np6_5,0,0.7590,0.2410,0
1jqj_9,0,0.8143,0.1857,0
4oph_1,1,0.3719,0.6281,0
3mlp_10,1,0.4145,0.5855,0
1iq7_1,0,0.9995,0.0005,0
2pf4_5,0,0.5925,0.4075,0
3qwm_1,1,0.0804,0.9196,0
3frl_1,0,0.7588,0.2412,0
2p22_22,1,0.0294,0.9706,0
4ycn_2,1,0.4811,0.5189,0
4omt_1,0,0.9911,0.0089,0
3ihl_5,1,0.0318,0.9682,0
1dt9_4,0,0.8799,0.1201,0
4dez_3,1,0.2962,0.7038,0
5f5m_2,0,0.9449,0.0551,0
2ijd_5,0,0.9731,0.0269,0
3s4z_6,0,0.9335,0.0665,0
3eij_1,1,0.2220,0.7780,0
6ewi_3,0,0.9861,0.0139,0
3cmv_7,0,0.9021,0.0979,0
3npc_2,0,0.5913,0.4087,0
5cb2_3,0,0.7968,0.2032,0
3fg3_1,0,0.9956,0.0044,0
1nft_1,0,0.9989,0.0011,0
4ud7_1,0,0.9978,0.0022,0
3n5c_1,1,0.1504,0.8496,0
6h3u_14,0,0.9757,0.0243,0
5zln_1,0,0.7296,0.2704,0
5ifw_6,0,0.8187,0.1813,0
1b23_4,0,0.9856,0.0144,0
6fju_1,1,0.1152,0.8848,0
1q1e_2,0,0.9453,0.0547,0
1e6c_1,0,0.9288,0.0712,0
3zl7_8,0,0.7091,0.2909,0
2b0u_18,0,0.9638,0.0362,0
3nan_2,0,0.6989,0.3011,0
2hpm_4,0,0.9999,7.0593e-05,0
1gcj_1,1,0.4271,0.5729,0
2iop_7,1,0.2261,0.7739,0
1wlg_3,0,0.8482,0.1518,0
4cyj_12,0,0.9937,0.0063,0
3hy1_5,0,0.9040,0.0960,0
3smt_4,0,0.6123,0.3877,0
5csa_6,1,0.0709,0.9291,0
3bdl_3,0,0.9819,0.0181,0
6d6s_1,0,0.7806,0.2194,0
1mvh_1,0,0.9995,0.0005,0
4czm_5,0,0.9156,0.0844,0
4i6s_9,1,0.1404,0.8596,0
4yl6_4,0,0.8939,0.1061,0
5cl1_7,0,0.9951,0.0049,0
1kxv_8,0,0.6333,0.3667,0
4ayg_2,0,0.9635,0.0365,0
3qjo_3,0,0.9994,0.0006,0
3gs3_3,1,0.0007,0.9993,0
5u7n_5,0,0.9998,0.0002,0
4h6u_1,0,0.9103,0.0897,0
4nzq_2,0,0.9956,0.0044,0
4gtw_1,0,0.9806,0.0194,0
1n0v_2,1,0.2592,0.7408,0
5zyo_2,1,0.0450,0.9550,0
4p7o_1,0,0.9902,0.0098,0
4cmp_8,1,0.4725,0.5275,0
5o7p_6,1,0.0941,0.9059,0
4ccf_7,0,0.9718,0.0282,0
5wme_5,0,0.9422,0.0578,0
4hhe_4,1,0.0101,0.9899,0
3c4w_4,0,0.9734,0.0266,0
3ty9_4,0,0.5526,0.4474,0
2xiq_1,1,0.0423,0.9577,0
2hwd_13,1,0.0199,0.9801,0
4u5k_1,0,0.9683,0.0317,0
3uzt_1,0,0.9950,0.0050,0
6ii0_6,1,0.4463,0.5537,0
6epp_2,0,0.9858,0.0142,0
6nzn_14,0,0.9506,0.0494,0
2ofj_1,0,0.9987,0.0013,0
4v1v_1,1,0.0503,0.9497,0
3a1t_6,0,0.9970,0.0030,1
2zqp_2,0,0.9900,0.0100,0
6rrc_4,0,0.9043,0.0957,0
4qhh_3,0,0.7689,0.2311,0
4qgb_1,0,0.5975,0.4025,0
3b39_3,0,0.9875,0.0125,0
2j3z_7,0,0.7554,0.2446,0
4q7j_22,0,0.9669,0.0331,0
6jj4_4,0,0.9999,8.8786e-05,0
6jod_12,0,0.6945,0.3055,0
5loc_3,0,0.9978,0.0022,0
3ml6_3,0,0.7106,0.2894,0
5e5p_4,0,0.6461,0.3539,0
3o51_5,1,0.1067,0.8933,0
1p8l_1,0,0.9813,0.0187,0
2xdp_6,0,0.5877,0.4123,0
1t3w_1,0,0.9290,0.0710,0
3pgk_1,1,0.0006,0.9994,0
4red_1,1,0.0577,0.9423,0
1m6b_2,0,0.5003,0.4997,0
4e89_2,1,0.0121,0.9879,0
3u8z_2,1,0.2855,0.7145,0
6eku_2,0,1.0000,2.6165e-06,0
5e9j_4,0,1.0000,3.8941e-05,0
5fn0_6,0,0.9542,0.0458,0
1k46_1,1,0.1229,0.8771,0
3fe1_7,0,0.7585,0.2415,0
6cf6_1,0,0.8671,0.1329,0
5gx8_1,1,0.2138,0.7862,0
5zyu_1,0,0.9979,0.0021,0
6fhm_1,0,0.9949,0.0051,0
5xwm_1,1,0.1364,0.8636,0
1y6h_3,0,0.9354,0.0646,0
6r4r_7,0,0.8017,0.1983,0
4bl4_7,0,0.9231,0.0769,0
6s8s_2,1,0.2596,0.7404,0
3tgo_11,0,0.9821,0.0179,0
5uig_4,1,0.0189,0.9811,0
1qhm_4,1,0.3974,0.6026,0
4nxw_2,0,0.9990,0.0010,0
1pp3_2,0,0.6276,0.3724,0
5e6m_3,0,0.9667,0.0333,0
4oar_3,0,0.9992,0.0008,0
4zhr_4,0,0.9908,0.0092,0
3rpk_1,0,0.9559,0.0441,0
4iyp_5,1,0.0953,0.9047,0
3dxb_16,0,0.6987,0.3013,0
4wlm_2,1,0.2888,0.7112,0
2byb_2,1,7.2467e-08,1.0000,0
5mz4_7,0,0.5927,0.4073,0
2qyu_1,0,0.9662,0.0338,1
4gza_1,0,0.9821,0.0179,0
1jv2_4,0,0.6505,0.3495,0
2iut_1,1,0.3689,0.6311,0
4pz8_4,0,0.8538,0.1462,0
2q7n_7,0,0.9792,0.0208,0
1qpg_1,0,0.9813,0.0187,0
2j3x_1,0,0.9814,0.0186,0
2bbh_4,1,0.1006,0.8994,0
2g3p_1,0,0.9996,0.0004,0
5znd_3,0,0.7499,0.2501,0
2uzj_8,0,0.9694,0.0306,0
2nub_6,0,0.8869,0.1131,0
1fu1_8,0,0.6856,0.3144,0
1x1p_3,0,0.9477,0.0523,0
4m58_1,0,0.9998,0.0002,0
3cpe_5,0,0.9930,0.0070,0
6cjs_3,1,0.3969,0.6031,0
3cmv_13,0,0.9778,0.0222,0
1cyy_5,1,0.3110,0.6890,0
4v0c_1,0,0.9603,0.0397,0
6dfk_9,0,0.9796,0.0204,0
4c0s_1,1,0.2547,0.7453,0
1k1y_4,0,0.5239,0.4761,0
1pcz_1,1,0.0827,0.9173,0
5wtx_4,0,0.5932,0.4068,0
6fb3_1,1,0.4933,0.5067,0
3jpw_2,0,0.9954,0.0046,0
6h4h_10,0,0.5631,0.4369,0
4gew_4,0,0.9502,0.0498,1
6d3l_1,0,0.6360,0.3640,0
4w8j_6,0,0.7228,0.2772,0
3opu_23,0,0.9942,0.0058,0
1t1l_1,0,0.6353,0.3647,0
4npj_1,0,0.6131,0.3869,0
1vic_7,0,0.6253,0.3747,0
3ftj_3,1,0.1274,0.8726,0
5mqh_4,1,0.3353,0.6647,0
4p2l_1,0,0.7633,0.2367,0
3g0f_1,0,0.5979,0.4021,0
2g7p_1,0,0.9102,0.0898,0
9api_7,0,0.9526,0.0474,0
6as7_3,0,0.9887,0.0113,0
1gpp_1,0,0.9898,0.0102,0
6now_1,0,0.9834,0.0166,0
3a44_1,0,0.9154,0.0846,0
3woa_1,0,0.7788,0.2212,0
3uit_14,0,0.6074,0.3926,0
6gzc_3,1,0.3400,0.6600,0
2ibm_4,0,0.7559,0.2441,0
5mus_1,0,0.9375,0.0625,0
2ejn_1,0,0.9803,0.0197,0
2f9q_3,1,0.0218,0.9782,0
1av1_4,0,0.5925,0.4075,0
1eku_1,0,0.9666,0.0334,0
1gyl_1,0,0.8328,0.1672,0
6bnc_1,0,0.9931,0.0069,0
3k55_9,0,0.9249,0.0751,0
2wfh_1,0,0.5358,0.4642,0
1j36_3,0,0.9981,0.0019,0
5jgk_1,0,0.7654,0.2346,0
6bbo_12,1,1.0981e-06,1.0000,0
6beb_5,0,0.9947,0.0053,0
6gv1_7,1,0.0214,0.9786,0
1zcj_3,0,0.5477,0.4523,1
5xa1_3,0,0.5929,0.4071,0
1kix_3,0,0.9990,0.0010,0
3ueo_6,0,0.9989,0.0011,0
4hne_6,0,0.8152,0.1848,0
4p3o_5,0,0.8798,0.1202,0
6i97_1,0,0.9879,0.0121,0
4nld_3,0,0.7978,0.2022,0
6g20_4,1,0.3987,0.6013,0
3k8v_9,1,0.2613,0.7387,0
5y5w_3,1,0.4891,0.5109,0
6emt_1,0,0.6231,0.3769,0
1mo2_2,0,1.0000,2.6164e-05,0
4knh_1,1,0.4458,0.5542,0
4ayn_1,0,0.8778,0.1222,0
3grl_1,0,0.6491,0.3509,1
5omn_2,0,0.9864,0.0136,0
2ccl_2,0,0.9787,0.0213,0
3ufe_1,1,0.0187,0.9813,0
3nz4_6,0,0.9928,0.0072,0
1qzw_7,0,0.9997,0.0003,0
6s1l_5,1,0.1626,0.8374,0
6eqz_1,0,0.9793,0.0207,0
5d9g_2,1,0.0004,0.9996,0
2jkr_34,0,0.9989,0.0011,0
4a64_5,1,0.1074,0.8926,0
5tbz_46,1,0.3407,0.6593,0
3frs_2,0,0.5525,0.4475,0
3p27_1,0,0.9962,0.0038,0
4u4f_14,0,0.9488,0.0512,0
5xq1_1,0,0.6781,0.3219,0
4u9o_3,1,0.1018,0.8982,0
6uko_9,0,0.7106,0.2894,0
5ol5_11,0,0.7414,0.2586,0
4rly_3,0,0.8963,0.1037,0
5xzw_7,0,0.9792,0.0208,0
1ii8_5,0,0.9966,0.0034,0
5yp1_3,0,0.9611,0.0389,0
6mac_5,1,0.1654,0.8346,0
5gkx_4,1,0.0272,0.9728,0
6sof_2,0,0.8538,0.1462,0
2f9q_2,0,0.9963,0.0037,0
4rct_1,1,0.0071,0.9929,0
6hzl_2,0,1.0000,4.7026e-05,0
1v4t_4,1,0.1719,0.8281,0
5nqz_11,0,0.7868,0.2132,0
5col_1,1,0.0013,0.9987,0
6f1k_1,1,0.1257,0.8743,0
4wph_1,0,0.8778,0.1222,0
6rmm_1,1,0.2265,0.7735,0
1br1_20,0,0.8409,0.1591,0
5lx8_1,0,0.9900,0.0100,0
5a1k_8,0,0.9602,0.0398,0
2g45_2,0,0.6055,0.3945,0
2ym9_8,1,0.2055,0.7945,0
6gfk_2,0,0.6827,0.3173,0
3wbj_2,0,0.9419,0.0581,0
5xpu_3,1,0.0164,0.9836,0
6jsd_1,0,0.9341,0.0659,0
6ucm_16,0,0.9076,0.0924,0
5yij_5,0,0.9995,0.0005,0
6bwy_1,0,0.9930,0.0070,0
4jo7_16,0,0.8950,0.1050,0
1xi1_1,0,0.9442,0.0558,0
5i8q_1,0,0.9694,0.0306,0
3otp_16,0,0.9967,0.0033,0
2xss_2,1,0.0016,0.9984,0
2rhj_1,0,0.9999,7.0132e-05,0
4ov8_5,0,0.9761,0.0239,0
4f7r_11,1,0.0076,0.9924,0
4a12_9,0,0.9550,0.0450,0
4w4j_5,0,0.9137,0.0863,0
5tnc_7,1,0.0218,0.9782,0
5iqw_2,1,0.4669,0.5331,0
3m7p_3,1,0.2972,0.7028,0
2zz8_1,0,0.8048,0.1952,0
3aos_1,0,0.9980,0.0020,0
6eet_1,0,0.5932,0.4068,0
3o77_2,1,0.1176,0.8824,0
5y4s_6,0,0.9992,0.0008,0
1c16_14,1,0.3264,0.6736,0
3gty_7,1,0.2853,0.7147,0
5bro_3,0,0.9989,0.0011,0
3ml6_7,0,0.7143,0.2857,0
1wac_4,0,0.9877,0.0123,0
5f5m_14,0,0.6787,0.3213,0
4bbr_39,0,0.9777,0.0223,0
2yll_5,0,0.9964,0.0036,1
2ac1_3,0,0.9510,0.0490,0
1dgk_1,0,0.5929,0.4071,0
1hsj_1,1,0.3018,0.6982,0
4i5h_4,1,0.1814,0.8186,0
3okt_4,0,0.9187,0.0813,0
3qb2_9,1,0.1411,0.8589,0
1g73_7,0,0.9944,0.0056,0
2v5n_1,0,0.9792,0.0208,0
6qzh_3,0,0.9996,0.0004,0
4pfe_1,0,0.5935,0.4065,0
2i6a_2,1,0.0440,0.9560,0
5onc_1,1,0.0099,0.9901,0
6byw_9,0,0.9020,0.0980,0
2xt1_5,0,0.9997,0.0003,0
4mgt_2,0,0.7491,0.2509,0
3r8k_1,0,0.8478,0.1522,0
4hjc_2,0,0.8592,0.1408,0
6ff7_9,1,2.9493e-06,1.0000,0
4kmd_4,0,0.6727,0.3273,0
1opk_4,0,0.9689,0.0311,0
3hpn_1,1,0.3034,0.6966,0
6qlj_5,1,0.0351,0.9649,0
5wme_4,0,0.7037,0.2963,0
5oym_13,1,0.0222,0.9778,0
5hb4_7,0,0.5594,0.4406,0
5w5i_6,0,0.9240,0.0760,0
5k93_1,0,0.9380,0.0620,0
4yg7_8,1,0.1322,0.8678,0
2wnh_2,0,0.9947,0.0053,0
3c8x_2,1,0.0576,0.9424,0
4o03_1,0,1.0000,7.2369e-07,0
2bdm_2,1,0.1253,0.8747,0
4lhc_2,0,0.7385,0.2615,0
4g0b_5,0,0.7507,0.2493,0
6sbt_1,0,0.9560,0.0440,0
2gd5_1,1,0.2255,0.7745,0
5h13_1,0,0.9999,8.9380e-05,0
5ui8_15,0,0.5927,0.4073,0
1xew_4,0,0.9790,0.0210,0
3mt5_4,0,0.9182,0.0818,0
7adh_3,1,0.0045,0.9955,0
4epl_2,0,0.9223,0.0777,0
3wxm_3,0,0.9635,0.0365,0
2rdi_2,0,0.7247,0.2753,0
3thn_1,0,0.6015,0.3985,0
3prb_7,0,0.8853,0.1147,0
5owj_1,0,0.8356,0.1644,0
5dzm_3,1,0.0858,0.9142,0
4w8c_6,1,0.0002,0.9998,0
4qds_1,1,0.0199,0.9801,0
4yh6_1,0,0.9937,0.0063,0
4u59_2,0,0.5610,0.4390,0
4fqn_1,0,0.8775,0.1225,0
4dnc_1,1,0.3784,0.6216,0
4gmg_11,0,0.9087,0.0913,0
5imt_6,0,0.9991,0.0009,0
2erc_1,0,0.9618,0.0382,0
5gzu_1,0,0.9471,0.0529,0
5dis_10,0,0.9757,0.0243,0
1gp0_3,0,0.9966,0.0034,0
5yfn_4,0,0.9898,0.0102,0
6bi7_21,0,0.7968,0.2032,0
4zch_5,0,0.9997,0.0003,0
3nuh_5,0,0.6565,0.3435,0
4ldb_4,0,0.9972,0.0028,0
2xbf_2,1,0.4526,0.5474,0
2f1z_5,0,0.9076,0.0924,0
1a17_6,0,0.9868,0.0132,0
5n69_1,0,0.5960,0.4040,0
2byb_6,0,0.9296,0.0704,0
5y9h_4,0,0.9176,0.0824,0
3rtr_20,1,0.0027,0.9973,0
5h7z_5,0,0.9730,0.0270,0
5mo4_4,1,0.3538,0.6462,0
2nsa_5,0,0.8172,0.1828,0
4qiq_3,1,0.0788,0.9212,0
4fna_6,0,0.9999,9.6801e-05,0
2znh_1,1,0.0311,0.9689,0
5dyk_2,0,0.9331,0.0669,0
3ftj_5,1,0.0809,0.9191,0
4eib_6,0,0.8927,0.1073,0
3ffn_1,0,0.9478,0.0522,0
2vx8_1,1,0.0232,0.9768,0
2i91_1,0,0.9461,0.0539,0
6rp3_5,0,0.9886,0.0114,0
3wbj_6,1,0.4473,0.5527,0
3aln_1,0,0.7228,0.2772,0
5f9r_1,0,0.8593,0.1407,0
4wwc_3,0,0.9700,0.0300,0
2apw_2,1,3.9178e-06,1.0000,0
4bla_10,0,0.7834,0.2166,0
6a17_1,1,0.0723,0.9277,0
1dov_3,0,0.9722,0.0278,0
5tte_5,0,0.9948,0.0052,0
5yii_2,1,0.0011,0.9989,0
4pbc_1,1,0.0090,0.9910,0
5ex9_2,0,0.9922,0.0078,0
5v38_7,0,0.9986,0.0014,0
5ttd_7,0,0.9719,0.0281,0
4ft4_1,0,0.9142,0.0858,0
4red_8,1,0.3378,0.6622,0
1azt_1,0,0.9625,0.0375,0
3mgc_2,0,0.9900,0.0100,0
4p3w_1,0,0.6492,0.3508,0
3die_1,1,0.0010,0.9990,0
1hqp_2,0,0.8376,0.1624,0
2vj4_7,0,0.9850,0.0150,0
1nft_2,0,0.7392,0.2608,0
5y5w_17,1,0.4059,0.5941,0
4bkf_8,0,0.5925,0.4075,0
5xwm_3,0,0.9932,0.0068,0
6trt_1,1,0.1962,0.8038,0
5o8e_2,0,0.9956,0.0044,0
4nf1_4,1,0.01,0.99,0
4nk0_2,1,0.374,0.626,0
4nnz_2,0,0.585,0.415,0
4nqq_1,1,0.048,0.952,0
4nsv_1,0,0.951,0.049,0
4nuq_1,1,0.113,0.887,0
4nvr_1,1,0.122,0.878,0
4nwc_2,0,0.724,0.276,0
4nxf_1,0,0.921,0.079,0
4nzj_2,0,1.0,0.0,0
5yii_1,1,0.002,0.998,03b4u_1 NA 1 1
1m2a_1,NA,NA,NA,0
1d5w_2,NA,NA,NA,0
2wcu_1,NA,NA,NA,0
5abr_1,NA,NA,NA,0
5mwx_1,NA,NA,NA,0
5xo7_1,NA,NA,NA,0
5wof_13,NA,NA,NA,0
5zhq_1,NA,NA,NA,0
6b72_1,NA,NA,NA,0
6d9m_4,NA,NA,NA,0
6eng_3,NA,NA,NA,0
6f6p_1,NA,NA,NA,0
6g88_1,NA,NA,NA,0
6h3s_1,NA,NA,NA,0
6i04_3,NA,NA,NA,0
6i7k_1,NA,NA,NA,0
6iii_1,NA,NA,NA,0
6im7_5,NA,NA,NA,0
6j20_3,NA,NA,NA,0
6jdu_3,NA,NA,NA,0
6jol_2,NA,NA,NA,0
6jtz_1,NA,NA,NA,0
6k4p_3,NA,NA,NA,0
6k6n_1,NA,NA,NA,0
6kc6_2,NA,NA,NA,0
6o9q_5,NA,NA,NA,0
6p40_1,NA,NA,NA,0
6pqn_5,NA,NA,NA,0
6pxv_1,NA,NA,NA,0
6qgs_17,NA,NA,NA,0
6qsn_1,NA,NA,NA,0
6qu4_11,NA,NA,NA,0
6r2f_1,NA,NA,NA,0
6sen_5,NA,NA,NA,0
6tfq_4,NA,NA,NA,0
6tka_4,NA,NA,NA,0
6txq_3,NA,NA,NA,0
6u00_7,NA,NA,NA,0
6u1g_6,NA,NA,NA,0
6u8e_4,NA,NA,NA,0
6ue8_21,NA,NA,NA,0
6uur_4,NA,NA,NA,0
6uwi_83,NA,NA,NA,0
6vjb_4,NA,NA,NA,0
6w25_2,NA,NA,NA,0
6wrh_3,NA,NA,NA,0
6g5g_11,NA,NA,NA,0
5uqm_2,NA,NA,NA,0
4d94_2,NA,NA,NA,0
6ehg_10,NA,NA,NA,0
5hay_1,NA,NA,NA,0
3kt3_3,NA,NA,NA,0
1ud0_7,NA,NA,NA,0
6hkw_16,NA,NA,NA,0
